Label,Description,Method
Net-Net Asset Plays,Buy firms trading below net current asset value (NCAV).,"Filter for Price < (Current Assets – Total Liabilities), ensuring basic business viability."
Excess Cash Bargain,Focus on companies whose cash exceeds their market cap.,Screen for negative enterprise value; check that core operations are at least stable.
Classic Low Price-to-Book,"Acquire shares with a P/B ratio well under 1, anticipating a correction to book value.",Screen P/B < 1 in historically profitable sectors; verify no structural decline in assets.
Hidden Real Estate Value,"Target firms owning property at historic cost, undervalued by the market.",Compare estimated market value of land/buildings vs. official book value; confirm discount in share price.
Turnaround Deep Value,Invest in struggling companies that have a feasible plan to restore earnings.,"Look for near-term losses with new leadership or restructuring announcements, stable liquidity."
Defensive Dividend Payor,"Buy stable dividend payers priced cheaply relative to peers, focusing on reliability.","Screen for consistent dividend history (5+ years), low P/E, manageable debt levels."
“Cigar Butt” Approach,"Purchase extremely cheap, battered stocks for a final “puff” of return.",Seek severe undervaluations (P/E or P/B far below sector) and minimal improvement needed for upside.
Micro-Cap Undiscovered Value,Focus on tiny companies with healthy fundamentals overlooked by analysts.,"Filter market cap < $300M, positive free cash flow, little to no analyst coverage."
Low EV/EBIT Multiple,Hunt firms whose enterprise value to EBIT is significantly below market average.,Screen for EV/EBIT < 8 in stable industries with at least moderate profitability.
Shareholder Yield Emphasis,"Combine dividends, share buybacks, and debt reduction to gauge overall return.","Rank stocks by (Dividend Yield + Buyback Yield + Debt Paydown) / Market Cap, focusing on consistent FCF."
Contrarian Cyclical Plays,"Buy cyclical stocks at the bottom of their economic cycle, expecting reversion.","Look for depressed P/E or P/B, stable or improving macro signals in cyclical sectors (e.g., industrials)."
Spin-Off Value Discovery,Invest in recently spun-off companies that may be mispriced post-transaction.,"Track corporate announcements of spin-offs, watch forced selling, compare segment fundamentals vs. price."
Liquidation Arbitrage,"Purchase shares in companies formally liquidating, expecting net assets above current price.",Check official liquidation filings; calculate net realizable asset value minus liabilities.
Negative Enterprise Value,"Acquire businesses whose cash exceeds market cap, making EV negative.",Filter for net cash exceeding market cap; confirm that ongoing operations won’t burn all reserves.
Activist-Initiated Value,Follow activists into undervalued firms aiming for cost cuts or strategic changes.,Monitor 13D filings by reputable activists; verify fundamentals that can be improved.
Sum-of-the-Parts Discount,Target conglomerates where the total of each segment’s worth exceeds current market cap.,Break down segment valuations; compare sum to enterprise value for a large discount.
High Free Cash Flow Yield,"Prefer businesses generating strong FCF relative to their price, ignoring short-term noise.",Screen for FCF Yield > 10% with stable or growing operating cash flow.
Oversold Brand Power,Focus on recognized consumer brands trading cheaply due to temporary setbacks.,Identify brand equity or loyalty metrics; find dips from short-term negative press or results.
Emerging Market Value,Pick undervalued EM stocks with stable governance and growth tailwinds.,"Filter for low P/E, sustainable debt, and improving country-level macro factors."
Unused NOLs (Tax Shields),Invest in companies with large net operating loss carryforwards that can offset future profits.,Screen for significant NOLs vs. market cap; watch for a path to profitability to use those NOLs.
Post-Accounting Scandal Recovery,Buy stocks hammered by past accounting issues but now with transparent reporting.,"Look for restatement completions, new CFO or auditor, stable business fundamentals."
Going-Private Candidates,"Identify small or micro-cap firms with steady cash flow, likely to be taken private.","Scan for strong FCF, minimal float, possibly high insider ownership, or private equity interest."
Bank Recapitalization Play,Acquire undercapitalized banks raising equity or reorganizing to restore capital ratios.,"Look for banks trading below book value, capital injection announcements, improved asset quality."
Commodity Price Overreaction,Exploit cyclical commodity companies oversold due to short-term price collapses.,"Compare production cost vs. spot price, check cyclical supply-demand patterns for a potential rebound."
Undervalued Homebuilders,"Target real estate developers/homebuilders priced cheaply, expecting cyclical housing recoveries.",Screen for P/E or P/B < sector norms; watch local/regional housing permit trends.
Discounted Rights Offerings,Buy shares in steeply discounted rights issues if the business model is intact.,Monitor news of rights offerings; verify minimal operational deterioration behind the funding need.
Big Buyback Potential,"Focus on firms announcing large repurchase programs, expecting supply-demand share price impact.",Search for official statements on buyback size relative to market cap; ensure stable cash flow.
Low PEG Ratio Value-Growth,"Combine value with moderate growth, seeking Price/Earnings-to-Growth < 1.","Filter for PEG < 1 in stable industries; confirm growth is real, not hype."
Deleveraging Turnarounds,"Invest where companies aggressively pay down debt, unlocking equity value.",Screen for high debt firms with explicit plans or track record of debt reduction; stable FCF.
“Wide Moat” Discount,Buy durable-advantage businesses trading below their typical multiples.,"Look for consistent market share, high ROIC, short-term price drops from market fear."
Graham’s Number Focus,Compare share price to Graham Number (sqrt(22.5 × EPS × Book Value)) for margin of safety.,"Calculate the formula; filter for Price < Graham Number, ensuring profitability."
Distressed Retail Bargains,Seek retailers hammered by operational missteps but with brand loyalty or unique niche.,"Look for negative sentiment, low EV/Sales, stable brand recognition or new e-commerce pivot."
Partial Spin-Off “Carve-Out”,Invest in newly listed carve-outs overshadowed by the parent’s main business.,Track upcoming carve-outs; compare segment fundamentals vs. carve-out share price.
Outsider CEO Value Moves,Follow companies hiring CEOs from outside the industry with a history of successful turnarounds.,Monitor leadership changes; check proven track records of cost control or M&A synergy.
Demutualized Insurance,"Buy insurance firms converting from mutual to public, often initially mispriced.","Filter for recent mutual conversions, compare price-to-book vs. typical insurers."
Out-of-Favor Tech Survivors,Choose legacy tech names priced for extinction but still generating stable or improving cash flows.,"Look for stable user bases, profitable maintenance streams, big discount to sector multiples."
Low Price-to-Sales Strategy,"Acquire businesses with P/S well below industry norms, but consistent margins.",Screen for P/S < 1; verify stable or rising operating margins.
Operational Restructuring Value,Seek companies in the midst of major cost cuts or portfolio reshuffles.,"Monitor corporate announcements of plant closures, divestitures, or synergy targets, paired with low P/E."
Battered Dividend Stocks,Buy established dividend payers that recently sold off due to macro or short-term negativity.,"Filter for dividend yields above historical average, stable distribution coverage."
Asset-Heavy Discount,Invest in capital-intensive firms priced below replacement cost of their assets.,Compare net PP&E or tangible book to stock price; watch for cyclical inflection.
Special Situation Merger Fallouts,Acquire stocks after a canceled M&A deal if the underlying fundamentals remain sound.,"Track merger breaks or regulator blocks, check if the target is undervalued standalone."
Low Float Value Gems,"Focus on thinly traded companies lacking liquidity, but with strong balance sheets.","Screen micro-caps or small float with low debt, positive earnings, minimal analyst coverage."
Reverse Merger Undervaluation,"Buy reverse mergers overshadowed by stigma, but with legitimate operating businesses.","Investigate newly combined financials, confirm real revenue and profits, compare to typical peers."
Hidden Real Estate in REITs,Find REITs priced at large discounts to net asset value (NAV).,Compare NAV from property appraisals to market cap; look for high occupancy.
Bankruptcy Exit Equity,Target firms emerging from Chapter 11 with cleaner balance sheets.,"Screen for recent bankruptcy exits, verify sustainable debt levels, watch initial undervaluation."
“Dark” Companies with Reliable Data,Invest in OTC or unlisted companies that provide enough public financial info to confirm value.,Cross-check historical filings or direct statements; compare fundamentals with extremely low multiples.
Undervalued ADR Plays,Acquire foreign firms trading as ADRs at lower valuations than local shares.,Compare local share price to ADR listing; verify no major structural difference or fees.
Holding Company Discrepancy,Buy holding companies at steep discounts to net asset value of their subsidiaries.,Calculate sum of listed and unlisted holdings’ fair value vs. parent market cap.
Mean-Reversion Industrials,"Acquire manufacturers after their sectors bottom out, anticipating cyclical recovery.","Watch multi-year cyclical patterns, seeking out low P/B or P/E in cyclical trough."
Mispriced Spin-Off Warrants,Invest in warrants issued during spin-offs if the market underestimates the underlying’s potential.,"Track spin-off deal terms, compare implied strike to parent’s fundamentals and synergy."
Future Growth from Large Capex,Seek companies that recently spent heavily on new capacity but trade cheaply before the payoff.,"Look for high capex vs. historical average, stable finances, discount to potential future returns."
Low Analyst Coverage Anomaly,Target decent businesses with few or no sell-side analysts.,"Screen for stable earnings, minimal coverage in research platforms, low valuations."
CapEx Peak to FCF Jump,"Buy stocks at the tail end of massive capital spending, where free cash flow is set to rise sharply.","Compare historical capex cycles, watch management’s guidance on shifting priorities."
Distressed Asset Fire Sale,Acquire shares in companies selling off assets at reduced prices but retaining strong core ops.,"Track forced divestitures or urgent sales in 10-K/Q filings, compare sale proceeds to existing valuation."
Insider-Led Buyout Potential,Identify firms with high insider ownership that could spark a privatization.,"Check insider holdings > 20%, stable business, depressed share price."
Fallen Dividend Aristocrat,Invest in once-stalwart dividend payers that cut payouts but can recover.,"Look for 10+ year dividend track records broken by a single event, stable future cash flow."
Neglected Subsidiary Spinoffs,"Seek spin-offs from large corporations that no longer fit their strategy, but have solid earnings.","Track corporate announcements about non-core subsidiary spin-offs, compare fundamentals vs. price."
Family-Owned Discount,Buy family-controlled companies trading at a governance discount yet delivering consistent returns.,"Look for high family stake, stable or improving margins, P/E < sector norm."
Overlooked ETF Impacts,"Acquire stocks heavily shorted or excluded from major indexes, causing price distortions.",Check index changes and high short interest vs. stable fundamentals.
Royalty/License Revenue Focus,Invest in companies with strong licensing or royalty streams overshadowed by cyclical concerns.,"Screen for stable recurring fees, brand or IP ownership, cheap EV/EBIT."
Regulatory Fine Overhang,Buy after large legal or regulatory fines that overshadow stable core operations.,"Look for resolution of major investigations, one-time charge vs. future earnings potential."
Asset Conversion Catalyst,"Spot firms converting unused assets (real estate, patents) into new revenue or spin-offs.","Examine management plans for monetizing non-core assets, watch share price discount."
One-Time Glitch in Blue-Chips,"Acquire big, historically stable companies sold off due to a single operational mishap.","Focus on multi-year track record, confirm the issue is fixable, discount to normal multiples."
"Slow-Growth, High-Margin Plays","Buy steady, profitable, slow-growing companies at low valuations.","Filter for stable double-digit margins, single-digit P/E, low revenue volatility."
Dual-Share Class Discount,Target dual-class share structures where the non-voting class trades at a big discount.,"Compare voting vs. non-voting share prices, confirm equal economic rights."
Secondary Offering Overreaction,Invest after share prices dip from a new equity offering if fundamentals remain intact.,"Track announcements of secondaries, check minimal dilution effect vs. large price drop."
Stable Dividend Compounders,Choose modest-growth companies with long-term dividend growth at a cheap multiple.,"Screen for 5–10% dividend growth yoy, manageable payout ratio, P/E discount."
Parent-Spin Combo Strategy,Buy both parent and spin-off if both are mispriced post-transaction.,"Evaluate synergy or negative synergy, compare sum-of-parts to combined market valuations."
"Debt, Dividend, Buyback Combined","Look for total shareholder yield from debt paydown, dividends, and repurchases.","Filter for consistent FCF allocated across these three areas, undervalued relative to peers."
Cheap vsReplacement Cost,Invest where building new capacity or assets is pricier than buying the existing operator.,"Compare cost of replicating assets to the company’s enterprise value, ensuring stable demand."
Underresearched Pink Sheets,Buy fundamentally sound OTC Pink stocks with verified financials.,"Check minimal coverage, strong balance sheets, P/E or EV/EBIT under typical valuations."
Settlement or Litigation Award,Invest in companies expecting a large legal settlement overshadowed by market skepticism.,"Monitor court or arbitration documents, gauge potential net payout vs. current market cap."
Patent-Heavy Hidden Upside,Pick firms owning patent portfolios that could yield royalties or licensing but remain undiscounted.,Evaluate patent strength and market potential; check R&D or licensing deals in footnotes.
Sector-Focused Value Mirroring,"Replicate strategies of specialized value funds focusing on single industries (e.g., shipping, energy).",Check top holdings of reputable sector-focused funds; confirm undervaluation metrics.
Dividend Spin-Off Boost,"Buy new spin-offs that announce dividends, expecting a yield-based re-rating.",Track spinoff details on promised dividend payouts; compare yield to sector norms.
Natural Disaster Overreaction,Acquire solid companies temporarily hit by weather-related disruptions if insured or easily recoverable.,"Look for catastrophic event disclaimers, confirm coverage or limited long-term impact."
Rural Monopoly Niche,"Invest in companies dominant in small, less-contested geographic markets.","Filter for regional operators with minimal competition, stable margins, and low multiples."
Divestiture Gains,"Buy businesses spinning off or selling loss-making segments, leaving a profitable core.","Track asset sale announcements, confirm improved margin potential post-sale."
Negative Headlines Overreaction,Focus on stocks hammered by bad press if fundamentals remain intact.,Use news filters for large drops on controversies; confirm limited operational damage.
Subsidiary IPO Triggers,"Acquire parents planning partial IPOs of fast-growing units, expecting revaluation.","Check official or rumored sub-IPO announcements, compare potential listing multiples."
Currency Tailwind Exports,"Target exporters benefiting from weak home currency, overshadowed by exchange rate fear.","Compare cost base vs. competitor currency, confirm stable or growing demand, cheap multiples."
Brand/IP Royalty Streams,Seek consumer product companies monetizing valuable brand or IP rights.,"Verify licensing deals or brand expansions, ensure stable or rising fee income, undervalued multiples."
High Short Interest Squeeze Potential,Buy fundamentally strong firms with large short interest if the short thesis is weak.,Filter for short interest > 20% of float; confirm consistent earnings or a catalyst for positive surprise.
Mature Tech “Cash Cow”,Focus on older tech businesses priced as dying but still generating robust cash.,"Check stable or growing maintenance revenue, discount to sector or to free cash flow."
Post-Spin Micro Caps,Acquire small spin-offs overshadowed by the parent’s coverage.,"Monitor micro-cap spinoff listings, check fundamentals vs. depressed initial trading."
Cult-Like Brand Bargains,Buy niche consumer brands with strong loyalty but overshadowed by bigger rivals.,"Examine social media followings, stable or growing net promoter scores, discount to typical brand multiples."
Overdone Deflation Fears,"Target companies sold off due to deflation concerns, but with stable or adaptable cost structures.","Look for below-trend pricing environment, stable margins, cheap P/E or EV/EBIT."
Low ROE to Improving ROE,Invest in firms with historically low ROE that’s now rising from operational changes.,Filter for sub-5% ROE growing over multiple quarters; confirm undervalued multiples.
Post-IPO Crash Value,Buy newly listed companies that fell below IPO price but remain fundamentally sound.,"Track large post-IPO price drops, compare revenue/earnings to initial filing statements."
Demerger Sums Unlock,Pursue splits where each portion could fetch higher multiples than combined.,"Read official demerger plans, evaluate separate segment valuations vs. total."
Sin Industry Cash Flow,"Invest in “sin” sectors (tobacco, alcohol) that produce consistent returns but trade at discounts.","Filter for stable FCF, strong brand loyalty, low multiples due to ESG constraints."
Funeral Home Consolidators,"Acquire funeral service chains with stable demand, overshadowed by niche stigma.","Evaluate local market dominance, consistent margins, compare to typical consumer-staple multiples."
Business Model Shift Value,"Buy companies moving from outdated channels to digital, priced cheaply if the pivot is credible.","Track progress on new digital strategies, discount from short-term pivot costs."
Net Cash Crypto Survivors,"Target crypto-related firms priced for failure but sitting on net cash, stable operations.","Filter for net cash vs. burn rate, minimal leverage, strong intangible brand or user base."
Onshoring/Reshoring Beneficiaries,"Focus on manufacturers returning production domestically, ignoring short-term setup costs.","Monitor announcements of capacity expansions, stable backlogs, discount to typical sector multiples."
Leadership Turnaround Record,"Back management teams with repeated success in cost containment or strategic M&A, undervalued.","Look for track record in past roles, depressed valuations, official turnaround statements."
Underrecognized Carbon Assets,Buy heavy industries with carbon credit or offset potential not priced in.,"Check carbon market data, regulatory credits owned, discount to typical “green” valuations."
Old Economy Transitions,"Invest in older, capital-heavy industries pivoting to higher-tech or value-added niches.","Examine capex for new lines or advanced products, discount to typical advanced-manufacturing multiples."
Year-End Tax-Loss Selling,"Buy stocks heavily sold in December for tax reasons, expecting a rebound in Q1.",Identify unusual volume/price drops near year-end; confirm no real fundamental decline.
Geographic Quasi-Monopolies,Invest in regionally dominant utilities or services with stable local advantages.,"Screen for local or state-level licensing, stable returns, discounted multiples."
Biotech Overreaction,Acquire biopharma with existing revenue overshadowed by pipeline doubts or a single trial failure.,"Filter for low P/E (on existing products), track R&D pipeline, stable finances."
Short-Term Loss but Long-Term Growth,Buy “fallen growth” names that posted temporary losses yet maintain a viable growth trajectory.,"Look at negative earnings yoy but stable revenue or margins, check forward guidance."
Discounted Preferred Shares,Select stable companies’ preferred stocks when yields are high relative to default risk.,"Compare coverage ratio of preferred dividends, stable or improving financials, discount vs. common."
Utility-Like Telecom Bargains,Acquire telecoms with stable subscriber bases trading at utility-level valuations.,"Check churn rates, compare EV/EBITDA vs. regulated utilities, confirm consistent FCF."
Politically Risky Miner Deals,Buy mining shares in higher-risk jurisdictions if actual operations remain stable and undervalued.,Compare discount to typical peers; confirm track record of minimal expropriation or tax instability.
Foreign Conglomerates at Discount,Target large overseas conglomerates trading below sum-of-parts due to governance concerns.,"Assess each segment’s market value, check local listing discount, stable internal cross-holdings."
Currency Hedge Advantage,Invest in exporters that efficiently hedge currency exposures but trade like fully unhedged.,"Review hedge disclosures in 10-K, confirm stable margins despite FX swings."
Slow Pandemic Recovery Laggards,Purchase companies still not fully recovered from pandemic disruptions but showing operational rebounds.,"Look for yoy improvements in volumes or revenues, discount from extended pandemic fear."
Scandal-Driven Leadership Swap,Buy companies after major scandal if new leadership arrives to restore trust quickly.,"Look for CEO/CFO changes, stable underlying demand, discount from brand tarnish."
Owner’s Earnings Screens,Replicate Buffett’s approach focusing on net cash from operations minus maintenance capex.,"Calculate owner’s earnings, screen for low Price/Owner’s Earnings vs. historical range."
Older Patent Cliff Overreaction,"Acquire pharma priced for near-total collapse post-patent, but with new pipeline or brand expansions.","Check new drug approvals or product diversifications, discount to typical pharma multiples."
"Founder-Led, Low Float","Focus on companies where founders hold significant stakes, alignment is high, yet share volume is low.","Filter for founder ownership > 10%, stable growth, minimal coverage, cheap multiples."
Industry Roll-Up Potential,"Buy a company systematically acquiring peers in a fragmented sector, benefiting from scale.","Examine acquisition history, synergy success, low EV/EBIT."
Debt-for-Equity Swap Gains,"Invest where a company renegotiates debt in exchange for equity, slashing leverage.","Track announcements or rumors of large debt conversions, compare EV impact vs. share price."
Overstaffed Cost-Cut Opportunities,"Identify companies with obvious SG&A bloat that can be trimmed, unlocking margin upside.","Compare overhead ratio to industry peers, check management cost-control messages."
Failed Acquisition Undervaluation,"Acquire targets of failed takeovers if they remain fundamentally solid, now cheaper.","Look for deals canceled due to financing or regulatory issues, stable standalone prospects, discount."
Niche Moat Operators,Buy specialized companies dominating a small niche with stable pricing power.,"Filter for high ROIC in a specific product/region, limited direct competition, undervalued multiples."
Patent Cliff in Biotech,Invest in biotech hammered by upcoming patent loss if new candidates can offset that revenue drop.,"Evaluate pipeline readiness, discount if the market assumes total meltdown."
Reverse Stock Split Stigma,Exploit negative sentiment around reverse splits that doesn’t match the company’s actual fundamentals.,"Find reverse split announcements, confirm stable or improving financials overshadowed by negativity."
Dual-Listing Arbitrage,"Check if the same stock trades cheaper on a secondary exchange, ignoring fundamental parity.","Compare share prices on each listing, adjusting for FX or ratio of shares."
NAV-Discount REITs,"Buy real estate trusts where share price is below net asset value, but occupancy is stable.","Compare property valuations vs. total liabilities, watch for stable or rising occupancy."
Revival of Legacy Brands,"Acquire companies re-launching old, beloved brands at minimal cost, overshadowed by marketing fears.","Track brand name reacquisitions or licensing deals, evaluate traction of relaunch."
Reinsurance Undervalued,Target reinsurers with strong underwriting track records priced below book due to catastrophe scares.,"Look for combined ratios < 100, large reserves, discount to typical insurance P/B."
Labor Strike Aftermath,Buy shares post-labor strike resolution if the business fundamentals remain healthy.,"Watch for official strike settlements, stable production or service resumption, discount from strike fear."
Special Dividend Potential,Focus on companies likely to declare special dividends after an asset sale or windfall.,"Search for official references to large asset disposals or one-time gains, confirm board intent to distribute."
Under-ESG Overhang,"Acquire stable polluting or “brown” sectors that can still generate strong returns, priced cheaply.","Filter for strong cash flow in “unfavored” sectors (coal, heavy industry), discount vs. fundamentals."
Pandemic-Era Overcapacity,Invest in firms that built up capacity during COVID but remain undervalued despite decent post-crisis demand.,"Review expansions from 2020–21, confirm stable or rising utilization, cheap multiples."
Telecom Spectrum Sleepers,"Buy telecoms holding valuable unused spectrum, not fully recognized by the market.",Compare auction values of similar spectrum vs. balance sheet or share price.
 Infrastructure Modernization Undervalued,"Seek utilities or industrials upgrading for future demand, overshadowed by near-term cost.","Look at capital spending for modernization (smart grids, EV charging), discount to typical potential ROI."
Foreign Subsidiary Partial Listing,Acquire partially listed subsidiaries overshadowed by the parent’s primary listing.,"Track corporate structures with minority stakes in publicly listed subs, check discount vs. fundamentals."
Dividend Reinstatement Potential,Invest in firms that cut dividends but now show capacity to resume them soon.,"Examine historical payout track, current free cash flow, management hints of future restoration."
Water Utility Underdogs,Target water utilities in regulated markets trading below peers.,"Screen for stable regulatory returns, discount to standard utility multiples, consistent demand."
Underbid Defense Contractors,Buy smaller defense firms overshadowed by big primes but holding stable government contracts.,"Check backlog and contract awards, compare P/E or EV/EBIT to prime contractor averages."
Carve-Out “Stub” Value,"Acquire leftover “stub” entities after major assets are spun off, often mispriced.","Investigate partial spin transactions, see if the stub trades with limited coverage or a big discount."
Restaurant Chain Turnarounds,Invest in established chains with brand recognition fixing cost structures or menus.,"Examine same-store sales improvement, margin restoration potential, discount vs. peers."
Overcapitalized Insurance Plays,Choose insurers holding excess capital that can fund buybacks or dividends.,"Filter for RBC ratios well above requirements, stable underwriting, discount to typical P/B."
ESOP Repurchase Angle,Buy companies that must buy back shares from employee stock ownership plans at undervalued rates.,"Check large ESOP plans, stable fundamentals, forced buyback terms that might create value."
Long Dividend Growth History,Focus on mid-cap firms with 10+ years of consecutive dividend growth at low valuations.,"Screen for consecutive dividend raises, stable coverage, cheap sector multiple."
Estate-Driven Ownership Shifts,"Invest in family-owned firms where an aging founder’s estate may sell shares, causing undervaluation.","Look for hints of generational transfer or estate tax issues, stable underlying earnings."
Negative Beta Defensive Stocks,Acquire low-beta or negative-beta companies trading cheaply despite stable cash flow.,"Filter for beta < 0.5, historically stable earnings, undervalued multiples vs. defensive peers."
R&D Drag with Real Payoff,Buy companies with heavy R&D that depresses GAAP earnings but offers strong intangible value.,"Compare capitalized vs. expensed R&D, intangible pipeline potential, discount to typical free cash flow."
Shipping Cycle Bottom,Invest in shipping lines at cyclical trough when day rates are unsustainably low.,"Look for average rates below break-even, stable financing, potential rate rebound."
Commodity Processor “Toll” Model,"Focus on commodity processors earning stable fees from volume, overshadowed by raw price swings.","Screen for consistent margin and throughput, compare EV/EBIT to cyclical peers."
Growth-to-Value Conversions,Buy ex-growth darlings that crashed but still maintain decent fundamentals.,"Track severe drops from 52-week highs, stable or slightly growing revenue, cheap forward multiples."
Monopoly-Like Emerging Utilities,"Acquire EM utility licenses effectively monopolizing local distribution, priced cheaply for country risk.","Compare stable regulated returns, local demand growth, discount to typical utility multiples."
Overbuilt Corporate HQ Overhang,Buy companies that sank capital into large headquarters or campuses that can be monetized.,"Review property ownership, potential sale-leaseback deals, discount from that hidden real estate."
Pharma with Existing Cash Cows,"Invest in smaller pharma continuing to earn from older franchises, overshadowed by uncertain R&D.","Evaluate stable brand name drug revenues, discount to typical pharma multiples."
Essential Commodity Producers,"Acquire makers of staples (fertilizers, base metals) priced cheaply due to short-term oversupply.","Compare production cost advantage, cyclical supply/demand forecast, discount from normal valuations."
New Market Entry Drag,"Buy companies expanding into new geographies, incurring short-term costs overshadowing potential.","Track expansions in filings, estimate total addressable market, discount from near-term margin pressure."
Non-Core Asset Sale Catalyst,Invest in firms discussing the sale of a significant non-core subsidiary or property.,"Monitor official statements or rumors, compare possible proceeds vs. current enterprise value."
Negative Working Capital Gains,"Target retailers or services with strong cash conversion cycles (collect upfront), trading cheaply.","Screen for negative working capital structures, stable or rising sales, low EV/EBIT."
Legacy Consumer Staples Overlooked,Buy older household name consumer goods overshadowed by trendier upstarts.,"Check stable brand share, consistent margins, discount to typical consumer staple multiples."
Pending Insurance Claim Payout,"Focus on companies likely to receive large insurance proceeds from events (fire, storms).","Examine footnotes or press releases on insurance coverage, net potential vs. market cap."
Emerging Sectors with Low Valuations,"Acquire small players in new but essential fields (e.g., recycling, water tech), overshadowed by hype in other areas.","Filter for real revenue, stable margins, minimal coverage."
Commodity Hedge Mismatch,Buy companies that took short-term derivative losses overshadowing stable core margins.,"Compare realized hedge losses vs. normal profitability, discount from short-term mispricing."
Debt Covenant Renegotiations,"Invest if covenant waivers or amendments remove default risk, but the stock remains depressed.","Monitor SEC filings for covenant changes, stable underlying cash flow, undervalued multiples."
Industrial Firms with Patent Moats,"Choose manufacturers controlling niche IP or specialized designs, overshadowed by cyclical negativity.","Check licensing or patent references, stable demand for unique products, discount multiples."
Scrip Dividend Discounts,Buy shares offering discounted scrip dividends if it effectively boosts yield or lowers cost.,"Compare scrip pricing terms vs. market price, confirm strong underlying finances."
Resource Net Tangible Asset Focus,Acquire natural resource firms priced below the value of proven reserves or land.,"Evaluate third-party reserve reports, discount to net resource valuation, stable finances."
Alternative Assets in Traditional Firms,"Buy classic companies expanding into alternative investing (private equity, venture) at no premium.","Check segment reporting or footnotes for alternative asset gains, discount vs. specialized comps."
Multi-Year Contract Reassurance,"Target businesses with stable, multi-year supply contracts but priced as if revenues are volatile.","Examine backlog coverage, contract lengths, discount to typical stable sector multiples."
Overblown Stock-Based Comp Fear,Invest in firms hammered by share-based compensation optics if real FCF remains strong.,"Adjust for realistic dilution, confirm consistent net operating cash flow, check cheap EV/EBITDA."
SEC Probe Overhang,Buy companies under an SEC cloud if potential fines or outcomes are likely small vs. market cap.,"Track official statements, confirm no major operational disruption, discount to typical multiples."
Legacy Pharma with Declining Flagship,Purchase older pharma with a big drug near expiry but new lines partially replacing lost revenue.,"Check pipeline or recent approvals, stable financial base, discount from patent cliff fears."
Over-Provisioned Balance Sheet,Seek firms with overly conservative reserves that might boost future earnings upon release.,"Evaluate historical accrual patterns, watch for improvements that unlock reserve reversals."
Specialized Distributor Undervalued,Buy B2B distributors in niche markets overshadowed by large brand producers.,"Look at stable distribution margins, specialized product lines, low EV/EBIT vs. peers."
Employee-Owned Partial Publics,Target partially employee-owned firms that may have unique governance but stable fundamentals.,"Check large ESOP holdings, consistent dividend or buyback history, discount vs. standard comps."
Cross-Holding Maze Discounts,"Purchase shares in companies that hold stakes in each other, creating layered discounts vs. NAV.","Evaluate each ownership layer’s market value, confirm total discount is not already priced in."
Legacy Software Maintenance Streams,"Buy older enterprise software providers locked into recurring maintenance fees, undervalued vs. SaaS.","Compare subscription renewal rates, stable or growing margins, discount to typical software multiples."
Packaging Sector Slump,Invest in packaging/materials companies at cyclical lows with stable long-term usage.,"Compare capacity utilization, raw material pass-through, P/E < historical average."
Regulated Utility Tariff Hike,Target utilities expecting near-term tariff adjustments likely to boost ROE.,"Watch rate case schedules, confirm discount to normal utility valuations pre-hike."
M&A Arbitrage with Wide Spread,Acquire target stocks in definitive deals if the market overestimates closure risk.,"Analyze regulatory environment, deal break fees, discount vs. official offer price."
Bond Covenants Benefiting Equity,"Buy companies subject to strict bond covenants preventing reckless spending, stabilizing equity.","Investigate corporate debt agreements with tight restrictions, check stable FCF coverage."
High Net Working Capital Targets,Focus on manufacturers or wholesalers with excessive working capital that can be released.,"Compare historical working capital turnover vs. present, watch management’s cost initiatives."
Public Shell + Private Asset Injection,"Invest in public shells acquiring private assets cheaply, overshadowed by low float or history.","Check reverse IPO or asset injection announcements, confirm real business fundamentals."
Commodity Operators with Price Floors,"Buy commodity producers that hedged a floor, ensuring stable margins but trading as if fully exposed.","Examine hedge positions, discount if the market misreads them as unprotected."
Undervalued Tech Licensors,"Focus on hardware or chip firms licensing critical IP to big players, overshadowed by cyclical commentary.","Check licensing revenues and margins, discount vs. typical IP-based valuations."
Mutual Bank Conversions,"Acquire small banks transitioning from mutual to stock ownership, often undervalued initially.","Monitor mutual-to-stock conversion announcements, compare P/TBV to typical regional banks."
Single Earnings Miss Overreaction,Buy quality companies that drop significantly after one bad quarter or missed forecast.,"Track large one-day declines on an earnings miss, confirm stable longer-term trends."
Declining Industry’s Last Survivors,"Invest in contracting sectors where a few survivors can capture market share, yielding strong returns.","Examine capacity shutdowns, stable or profitable survivors, discount from “doom” sentiment."
Patent Lawsuit Settlement Potential,"Acquire stocks likely to settle IP disputes advantageously, overshadowed by lawsuit fear.","Track court filings or settlement negotiations, discount vs. potential award or licensing upside."
Commodity Storage Benefit,Pick logistics/storage providers who profit from carrying surplus commodities in contango markets.,"Check utilization rates, stable fee-based income, discount to typical shipping or logistics multiples."
Segment Discrepancy Approach,Invest in multi-business firms where one high-margin segment is undervalued due to consolidated reporting.,Compare segment-level valuations vs. total enterprise value for potential mispricing.
Post-Bank Fail Fallout,"Acquire regionals sold off after nearby bank failures, ignoring stable deposit bases.","Evaluate capital ratios, deposit flight risk, discount from panic."
OEM Supplier Discounts,Buy B2B suppliers overshadowed by bigger brand OEM customers but generating consistent sales.,"Check supply agreements, stable margins, discount to typical OEM multiple."
Discounted BDC (Business DevCompany),Pick BDCs with strong loan portfolios trading below NAV.,"Compare reported NAV to share price, stable default rates, adequate dividend coverage."
Royalty Trusts with Long Tail,"Buy resource trusts expected to last longer than the market assumes, overshadowed by depletion fears.","Verify reserve life or lease duration, discount vs. typical short-lifespan assumption."
"Single-Customer Reliance, But Stable","Invest in companies with one large customer if that partnership is secure, discount is large.","Inspect contract terms, track renewal history, discount to typical multi-customer peers."
Regulatory Approvals Underestimated,Buy stocks awaiting routine approvals treated by the market as high risk.,"Compare standard approval timeline, success rates, discount from fear-based price."
Price War Recovery,"Acquire shares in industries where a temporary price war depressed margins, soon to revert.","Monitor competitor announcements, watch for capacity rationalization or truce."
Timberland Undervalued,Buy forestry firms at valuations below the fair value of timberland.,"Evaluate professional appraisals, discount to net present value of timber growth."
Government-Contract Monopoly,"Pick local service providers (e.g., waste) with exclusive municipal contracts at cheap multiples.","Verify multi-year contract coverage, stable margins, discount vs. typical utility or service comps."
Mortgage Servicer Bargain,Invest in mortgage servicers with stable fee revenue overshadowed by short-term rate concerns.,"Examine servicing portfolio size, default rates, discount to typical finance multiples."
Aircraft Leasing at Book Discounts,"Buy airplane lessors whose fleets are carried below real market value, overshadowed by cyclical fear.","Compare average aircraft appraisal to book, stable lease rates, discount to typical lessor multiples."
Anti-ESG “Sin” Discount,Acquire stable polluting industries with high margins priced cheaply due to ESG exclusion.,"Filter for above-average ROE, strong free cash flow, discount from ESG constraints."
Auto Parts in Consolidation,"Focus on auto-parts suppliers merging or rolling up smaller rivals, overshadowed by cyclical concern.","Monitor acquisition patterns, synergy potential, discount to typical auto supplier multiples."
Waste Management Overlook,"Buy smaller regional waste operators owning valuable landfills, overshadowed by big brand players.","Check landfill capacity, disposal fees, discount to larger waste management multiples."
Self-Funded Public LBO,"Invest in companies leveraging to buy back massive amounts of stock, effectively going semi-private.","Track large debt-financed repurchases, stable free cash flow for interest coverage, undervalued multiples."
Pension Surplus Upside,Spot companies with overfunded pension plans not recognized in the share price.,"Compare pension assets vs. liabilities, discount to typical neutral or underfunded peers."
Expiring Negative PR,Buy stocks hammered by short-lived controversies that fade over time.,"Track brand loyalty or reputation surveys, discount to stable baseline valuations."
Asset Sale for Special Dividend,Seek companies that explicitly plan to distribute proceeds of a sizable asset sale to shareholders.,"Review press releases or management commentary on usage of sale proceeds, discount vs. estimated payout."
Contractual Price Escalation,Pick businesses with multi-year deals that include built-in price escalators.,"Examine contract clauses in filings, stable margin improvement track, discount from market ignoring escalations."
Arbitration / Award Potential,Buy companies in disputes with governments or ex-partners if a large settlement is likely.,"Track ICSID or similar arbitration cases, check possible award vs. current enterprise value."
Freight Rate Collapse Survivor,Invest in logistics companies hammered by short-term low freight rates but financially robust.,"Compare cost base to average freight rates, watch cyclical upturn or stable backlog."
Brand Turnaround with PE Involvement,Acquire well-known brand companies recapitalized by private equity for operational enhancements.,"Look for new capital injections, synergy or cost cuts, discount vs. typical brand valuations."
Data Center Spin-Out Values,Buy conglomerates spinning off data center assets into REITs or separate listings.,"Watch announcements of data center carve-outs, discount to typical data center multiples."
Subscription-Focused in Mature Sector,"Choose older businesses adopting recurring subscription models, overshadowed by short-term transition.","Examine subscription revenue ratio, stable churn, discount from near-term pivot costs."
Govt Outsourcing Undervalued,Invest in service providers with stable government contracts overshadowed by big contractor fear.,"Confirm backlog or multi-year deals, discount to typical defense/contractor multiples."
Distressed Merger Synergy,"Acquire shares in two struggling companies merging if synergy potential is real, but market is skeptical.","Verify synergy targets, discount from negative initial sentiment, stable finance capacity."
Forced VC Secondaries,"Buy public stocks when venture investors exit big blocks cheaply, pushing temporary oversupply.","Track lock-up periods, block trades from VCs, confirm fundamentals remain intact."
Cash Cow Split from Growth,"Invest when a conglomerate spins off its slow but profitable division, both potentially undervalued.","Evaluate each segment’s real valuation, watch initial mispricing post-split."
Partial State Ownership Gains,Buy partially government-owned businesses with stable contracts overshadowed by bureaucracy stigma.,"Check official government stake or backing, discount from fear but confirm stable revenue."
Negative PR with Limited Impact,"Target controversies that do not materially affect sales or brand loyalty, causing an undervalued stock.","Follow consumer sentiment data, discount from overshadowed stable earnings."
Potential Asset Write-Up,Invest in firms that might revalue under-depreciated assets if market conditions improve.,"Compare historical depreciation to fair market estimates, watch for asset revaluation catalysts."
Bloated Inventory Fear,"Buy manufacturers or retailers with high inventory if demand remains decent, overshadowing meltdown fear.","Check historical inventory turnover, stable pipeline, discount from panic about oversupply."
Misjudged Consumer Staples Risk,"Invest in apparently risky staples with stable demand and moderate debt, priced as if near default.","Compare interest coverage, brand loyalty, discount from broad negative sector sentiment."
Short-Term R&D Surge Impact,Acquire companies ramping R&D that depresses current earnings but ensures future product pipeline.,"Verify new product pipelines, discount from near-term margin hits, stable underlying core."
Headquarters Relocation Tax Benefit,"Buy businesses relocating to lower-tax regions, expecting improved net income or cost savings.","Track official relocation or corporate structure changes, discount from near-term transition cost fear."
Contingent Value Rights (CVRs),Invest in stocks plus CVRs if the market underprices the CVR milestone.,"Examine spinoff or merger deals with CVRs, estimate probability of event triggers."
Private Equity Mark Validation,Purchase public companies that sold a minority stake to a PE firm at a higher implied valuation.,"Compare PE’s price to current market cap, confirm no major negative developments."
Legacy Automaker EV Overlook,Buy established carmakers priced as ICE-only but showing credible EV models.,"Check R&D budgets, upcoming EV lines, discount from old auto stigma."
Dual-Class Collapse Catalyst,"Invest where dual-class shares are being unified, removing governance discount.","Track corporate statements on share structure changes, discount to typical single-class multiples."
Resource Royalty Spin-Off,Acquire resource producers spinning off royalty units for better valuation multiples.,"Check announcements of royalty carve-outs, compare typical royalty valuations to the parent’s discount."
Mixed Defensive/Growth Conglomerate,"Buy diversified groups with both stable divisions and growth arms, priced as if all are stable.","Sum segment valuations, see if growth portion is unrecognized, discount in overall share price."
Low ESG Score Contrarian,"Acquire high-return but poor-ESG-rated sectors (cement, chemicals) overshadowed by ESG exclusion.","Filter for strong margins, stable or improving processes, big discount to typical peers."
Data Privacy Over-Punishment,Pick data-collection companies overshadowed by regulation but maintaining profitable client relationships.,"Check compliance cost vs. revenue, discount from regulatory fear, stable margin."
Cross-Hold Keiretsu Unwind,"Invest in Japanese-style cross-holding groups reducing mutual stakes, unlocking large sums.","Track official plans for cross-shareholding sales, sum-of-parts discount."
Emerging Region New Plants,"Buy companies building factories in growth regions, overshadowed by immediate cost concerns.","Observe capex expansions, strong local demand, discount from short-term earnings drag."
Commodity Traders with Low Risk,"Target commodity traders that hedge price risk, generating stable fees but priced as cyclical.","Examine hedging strategies, compare stable EBIT to volatile peers."
Real Estate Operating Cos (REOCs),"Focus on REOCs at discounts to underlying property values, distinct from REIT structures.","Evaluate property portfolio valuations, discount to typical real estate multiples."
Multi-Brand Retail Conglomerates,"Acquire large retailers with multiple distinct brands, overshadowed by one struggling division.","Review brand-level sales, sum-of-segments approach, discount from consolidated mispricing."
Pharmacy M&A Targets,"Buy smaller chains likely to be bought by bigger players for scale, trading at low multiples.","Look for local or regional pharmacy networks, stable sales, discount to typical deals in the sector."
Over-Reserved Banks,"Focus on banks that overestimated loan losses, set to reverse reserves if actual defaults remain low.","Compare loan loss provisions vs. actual NPL trends, discount to typical bank P/TBV."
Cheap Debt + Inflation Advantage,"Buy capital-intensive firms that locked in low rates, benefiting from inflation’s debt erosion.","Examine fixed-rate debt structure, stable demand, discount vs. typical multiples ignoring inflation gain."
BOT (Build-Operate-Transfer) Maturation,"Invest in firms close to finishing large infrastructure BOT projects, overshadowed by construction costs.","Compare projected stable operating cash flows vs. near-complete capex, discount from short-term negativity."
Hard Luxury Goods Underrated,Acquire high-end watch/jewelry brands sold off on recession fears but historically resilient.,"Verify brand equity, global demand from affluent customers, discount to typical luxury multiples."
Dying Industry with Last Boom,"Buy a sector facing regulation phase-outs but with a final profitable window, undervalued by gloom.","Evaluate timeline to closure, near-term supply-demand mismatch, discount to typical cyclical pattern."
JV Stakes Unrecognized,Acquire parent companies holding large joint-venture stakes unreflected in consolidated statements.,"Check equity method investments in footnotes, approximate fair value vs. ignoring them."
Airline Fuel Shock Overreaction,Buy airlines hammered by sudden fuel price spikes if they have efficient fleets or hedges.,"Compare hedge coverage or new plane efficiency, discount from near-term margin pressure."
Minimal Debt Dividend Capacity,Focus on near-debt-free firms with potential to distribute large portions of earnings.,"Filter for Debt/EBITDA < 1, stable FCF, undervalued P/E."
Auto Parts with EV Pivot,Pick parts suppliers adding EV components but priced as if purely internal-combustion.,"Examine new product lines for EV systems, discount from old ICE classification, stable finances."
Single Flagship Customer with Expandability,"Invest in B2B tech relying heavily on one major client, stable but overshadowed by concentration risk.","Confirm contract or backlog extension potential, discount from that risk in share price."
Food Staples Overlook,Target established food producers overshadowed by short-term commodity inflation.,"Look for cost pass-through abilities, stable brand demand, discount vs. typical staples multiples."
Activist Cost Focus,Follow activist campaigns targeting excessive overhead or SG&A in undervalued firms.,"Track 13D filings, read cost-reduction demands, discount if management commits to slash overhead."
Index Removal Orphans,"Buy stocks recently removed from major indexes, facing forced selling.","Monitor index rebalancing announcements, stable fundamentals, discount from mechanical outflows."
Midstream MLP Discounts,Acquire pipeline MLPs with stable fee-based income overshadowed by commodity price moves.,"Check contract structures, distribution coverage, discount to typical midstream multiples."
Inflation-Pass Infrastructure,"Focus on toll roads, regulated assets with direct inflation pass-through overshadowed by near-term costs.","Evaluate concession agreements, stable or growing revenues, discount to typical infra multiples."
CEO Resignation Sell-Off,Invest in profitable companies that see short-term dips after a sudden CEO departure.,"Look for no fundamental damage, stable second-tier management, discount from abrupt leadership vacuum."
Mid-Cap EV/EBIT Bargains,"Target mid-cap businesses with EV/EBIT much lower than sector norms, ignoring stable positions.","Filter for EV/EBIT < 8, moderate or growing market share, short coverage or none."
Heavily Shorted Turnarounds,Buy stocks with large short positions if a near-term return to profitability is likely.,"Check short interest ratio, watch for a break-even or profitable quarter as a catalyst."
Ex-Growth Stocks with Cash Flow,Focus on prior growth “stars” that lost luster but still have strong or stable operating cash flow.,"Compare current multiples to historical peak, confirm no major decline in user base or margin."
Local Supplier Reshoring Gains,"Acquire domestic suppliers winning from onshore production trends, overshadowed by old valuations.","Confirm new contract expansions, discount from cyclical or foreign competition fear."
Systemically Important but Underpriced,"Pick major finance or logistic firms considered “too big to fail,” trading below fundamental worth.","Identify official SIFI or strategic designations, stable profit, discount from PR or crisis fear."
Royalty Commodity Plays,Buy commodity royalty or streaming companies with minimal operational risk but cyclical discount.,"Evaluate streaming contracts, stable volume, discount to typical producers or pure royalty comps."
Late-Stage Biotech with Data,"Choose biotech in Phase III or near approval with robust data, overshadowed by earlier pipeline failures.","Check success rates at final trial stage, stable cash runway, discount from broader biotech negativity."
Insider Buys in Distressed Names,"Follow heavy insider buying in companies rumored to be in trouble, indicating potential turnaround.","Track SEC Form 4 filings with significant insider purchases, confirm plausible fix for distress."
Post-Growth SaaS Correction,"Buy stable subscription software hammered by rotation out of growth, ignoring recurring revenues.","Compare net retention rates, churn, discount from growth-stock panic."
Rental/Resale Platform Value,Invest in marketplace or sharing-economy stocks overshadowed by cyclical consumer spending fear.,"Check user growth, stable transaction fees, discount from near-term consumption slump."
EM Firms with Net Cash,"Choose emerging-market companies holding large net cash balances, overshadowed by country risk.","Filter net cash positions vs. market cap, confirm stable local demand, discount from political fear."
Pending Legal Win Overlook,Acquire companies likely to win or settle major litigation not fully reflected in share price.,"Monitor public court dockets or official statements, discount from settlement not priced in."
Tobacco in Emerging Markets,Invest in cigarette producers with robust EM growth priced cheaply due to global anti-tobacco concerns.,"Evaluate market share in target countries, discount from broad anti-tobacco environment."
Legacy IT Outsourcing Gains,"Buy older IT service firms overshadowed by new digital disruptors, but still winning big contracts.","Check contract signings, margin stability, discount to modern tech peers."
Stable Shipping Contracts,Invest in maritime operators with long-term charters overshadowed by spot rate collapses.,"Compare locked charter coverage to spot rates, discount from cyclical shipping fear."
Merger Break Fee Arbitrage,"Acquire targets with large break fees if the deal fails, limiting downside.","Examine definitive merger agreements, break fee size vs. discount in target’s share price."
Legacy Media to Digital Shift,"Focus on newspapers or TV pivoting successfully to digital subscription models, priced for terminal decline.","Track digital subscriber growth yoy, discount from old media label."
Industrial Spin-Off with Tech Growth,Invest in industrial conglomerates spinning off tech-oriented divisions for potential multiple expansion.,"Monitor spin-off announcements, compare new entity’s products with typical higher-multiple comps."
Big Pharma Patent Cliff Buffer,"Buy large pharma approaching major patent expirations but with strong R&D pipelines, cheap multiples.","Evaluate pipeline maturity, stable finances, discount from cliff fear."
Reopened Resource Projects,"Acquire miners reactivating old sites as commodity prices recover, overshadowed by prior shutdown.","Check advanced exploration status, updated feasibility, discount from market skepticism."
Spin-Co Capital Surplus,"Pick spinoffs loaded with more cash than needed, likely to do big buybacks or dividends.","Examine spin-off financials, search for “excess capital” references, discount from initial confusion."
Undervalued Hardware Distributor,Buy hardware distributors with stable B2B relationships overshadowed by flashy OEM narratives.,"Look for consistent distribution margins, reliable vendor ties, discount to typical IT distribution multiples."
Recession-Exposed EM Stocks,Target EM companies sold off heavily during local recessions but with stable fundamentals.,"Compare stable revenue or asset quality to local macro data, discount from overblown fear."
Net Inventory > Market Cap,Acquire manufacturers/wholesalers whose inventory alone nearly equals or exceeds market cap.,"Confirm saleable inventory, stable or rising demand, discount from extreme undervaluation."
Retailers Owning Real Estate,"Buy store chains that own valuable properties, overshadowed by e-commerce threats.","Compare real estate appraisal to enterprise value, confirm stable or pivoting retail ops."
Commodity Pass-Through Clauses,"Pick firms contractually allowed to pass input cost rises to customers, priced as if fully exposed.","Examine supply agreements for pass-through terms, discount from margin fear."
Platform Marketplace Pivot,Invest in older classifieds or auction sites transitioning to modern digital marketplaces.,"Monitor user retention, new platform features, discount from near-term pivot costs."
Low Operating Leverage Boost,"Favor businesses with low fixed costs, so small revenue gains yield big profit growth.","Check ratio of fixed vs. variable costs, watch top-line improvement catalysts, discount multiples."
Post-SPAC “Real Business”,Buy SPAC mergers that actually have solid operations overshadowed by negative SPAC sentiment.,"Verify real revenues, stable user or client base, discount from broad SPAC stigma."
Mid-Cap Net Lease REITs,"Target smaller net lease REITs with escalating rent contracts, overshadowed by big REIT brands.","Compare weighted average lease term, credit rating of tenants, discount to NAV."
Contract Manufacturers with Visibility,"Acquire firms producing for major brands under multi-year deals, priced cheaply.","Review backlog or contract durations, discount from overshadowed stable margin."
Post-Patent Expiry Still Earning,Focus on pharma or device makers whose main patents expired but still have stable brand loyalty.,"Confirm continued revenue from brand preference, discount vs. total patent cliff meltdown."
Chinese ADR Discount Arbitrage,"Invest in Chinese ADRs trading below local share valuations, overshadowed by geopolitical risk.","Compare Hong Kong or Shanghai listings to ADR price, confirm stable fundamentals."
Regional Telecom Monopoly,Buy small or rural telecom operators holding near-monopoly rights in local areas.,"Check exclusive licensing, stable ARPU, discount vs. standard telecom multiples."
Toll Processing in Commodities,Pick commodity firms earning fees for processing rather than speculating on commodity prices.,"Examine annual reports for consistent margin-based fees, discount vs. cyclical peers."
Adjusted Book Value Approach,"Reassess intangible-laden balance sheets for real intangible worth, ignoring standard GAAP.","Look for brand IP, intangible tech valued cheaply, discount to typical intangible-based comps."
Single Product Niche Dominance,Invest in small firms reliant on one specialized product that faces limited competition.,"Track uniqueness of product, stable recurring orders, discount from single-product fear."
Re-Financed High-Rate Debt,"Buy companies that refinanced expensive loans, boosting future free cash flow.","Compare old vs. new interest costs, discount from prior high debt scare."
Discount Retail Tailwinds,Acquire discount retailers that do well in recessions yet trade at low multiples.,"Check same-store sales in downturns, discount from broad consumer discretionary fears."
Emerging Market Tech Adopters,"Focus on hardware or services enabling digital transitions in EM, overshadowed by local macro risk.","Filter for real sales traction, stable B2B demand, discount from fear of emerging markets."
Synergy-Lag Spin Merger,Buy spin-offs or merged divisions that missed synergy targets but are now quietly achieving them.,"Compare synergy guidance vs. actual updates, discount from initial disappointment."
Self-Tender Offer Upside,Acquire shares before a self-tender if current price is below the tender range.,"Track official self-tender announcements, stable financing, discount from shareholder apathy."
Underloved RegTech Solutions,"Invest in compliance software overshadowed by hype around consumer tech, but enjoying stable demand.","Look for steady subscription revenues, discount from lesser coverage vs. mainstream SaaS."
Dual-Listed Price Gaps,Exploit share price mismatches between two exchanges for the same company.,"Compare daily volumes, adjust for FX or share ratio, pick the cheaper listing."
Large Receivables overshadowing Net Debt,"Buy stocks with big, reliable receivables overshadowing net debt levels.","Verify AR quality, discount from high net debt that’s effectively covered by near-term payments."
Historical Cost Commodity Inventory,"Acquire firms holding large commodity inventories at old cost, ignoring current higher market value.","Compare spot prices to carrying value, discount from reported intangible or meltdown fear."
Completed Pilot Stage in Renewable Energy,"Invest in renewable energy developers finishing pilot projects, overshadowed by perceived risk.","Track transition from pilot to commercial operations, stable or rising PPA-based revenues, discount multiples."
Non-Core Mineral Royalty Holdings,"Spot industrials that own passive mineral royalties from legacy deals, not reflected in share price.","Examine footnotes for royalty income or streams, discount from overshadowed earnings."
Agri Co-Op Conversions,"Target agricultural co-ops converting to publicly traded, historically undervalued at listing.","Watch announcements of demutualization, compare book value to offering price."
Civil Infrastructure Maintenance,"Buy specialized infrastructure maintainers (roads, rails) overshadowed by cyclical construction.","Check backlog of public maintenance contracts, discount to typical engineering multiples."
Telecom Tower Carve-Outs,"Acquire carriers spinning off tower assets into separate entities, expecting higher tower multiples.","Look for official tower spin announcements, discount to standard tower operator valuations."
Consumer Defector Return,"Invest in retailers or services that lost customers to new rivals but are regaining them, overlooked.","Check data on recaptured customers, stable brand or loyalty programs, discount from prior negative sentiment."